{
    "logFiles": {
        "location": "logs",
        "filename": "coreapp-dev.log"
    },
    "v1apiBase": "/api/v1",
    "default_password":"Default@123" ,
    "mobileGatewayType": "digits",
    "uploadFileLocation": "./fileData",
    "fileContentTypePath": "./fileData/contentTypes/fileContentTypes.json",
    "database": {
        "note": "not defined here..will take from environment specific json .e.g development.json or production.json"
    },
    "emailTemplateBaseDir": "./email_templates//freemarker",
    "gcmUrl": "https://gcm-http.googleapis.com/gcm/send",
    "gcm_app_token": "AAAAaGMzHJU:APA91bEVljnnwe3FvxiW8Usk04GmSFq-DOIB6_7OKndPNgSk8ddb02inMAWZAguMC0_TQJ55kcRRynqnD0P6SezBeIsWP78_Jf4F2XpppemENwkj9pAXMXAN-atbM3XgyD9_fG5MB_K7",
    "hashCodeSalt": "abcdf$3ks%9Ksldk@",
    "USER_TYPE_ADMIN": "USER_TYPE_ADMIN",
    "USER_TYPE_AGENT": "USER_TYPE_AGENT",
    "USER_TYPE_SM": "USER_TYPE_SM",
    "USER_TYPE_TECH": "USER_TYPE_TECH",
    "notificationExpireDayInterval": 5,
    "resetPasswordLink": "http://dev.pankanis.com/Payval/enduser/index.html?root=reset_password",
    "appclientId": "pankanis.dc/server",
    "appClientSecret": "Pankan1s/server",
    "realmCode": "pankanis",
    "PASS_EXPIRE_INTERVAL_DAYS": 100,
    "PASS_START_NOTIFICATION_DAYS": 10,
    "RegistrationCallbackPath": "/CreatePassword",
    "TOKEN_EXPIRE_INTERVAL_DAYS": 10,
    "dateFormat": "yyyy-mm-dd HH:MM:ss",
    "currentCode": "IN",
    "digits": {
        "consumerKey": "YlNgs6zwm4QLmrzJBwRK3FcR5",
        "host": "https://www.digits.com"
    },
    "secretKey": "d6F3Efeq",
    "fileDefaultCount": 200
}