{
    "DASH_VIEW": 101,
    "Assign_SR": 201,
    "View_SR": 202,
    "SELF_ASSIGN_INCIDENCE": 203,
    "ADD_USER": 301,
    "UPDATE_USER": 302,
    "VIEW_USER": 303,
    "DELETE_USER": 304,
    "APPROVE_USER": 305,
    "RESET_USER_PWD": 306,
    "ADD_ROLE": 401,
    "UPDATE_ROLE": 402,
    "VIEW_ROLE": 403,
    "DELETE_ROLE": 404,
    "ROLE_MAP_USER": 405,
    "SEND_TOUSER": 501,
    "SEND_ALL": 502,
    "SEND_GROUP": 503,
    "CSV_IMPORT": 601,
    "ADD_GROUP": 701,
    "UPDATE_GROUP": 702,
    "VIEW_GROUP": 703,
    "DELETE_GROUP": 704,
    "Add_insepection": 901,
    "View_attendance": 1101,
    "VIEW_ATTENDANCE_USER": 1104,
    "Update_Status": 1102,
    "Update_Misssing_Entries": 1103,
    "ADD_HOLIDAY": 1113,
    "ADJUST_USERDAY": 1115,
    "UPDATE_ATTENDACE_USER": 1116,
    "Cleanup": 1201,
    "View_Channel": 1202,
    "Search_Files": 1203,
    "Delete_Files": 1204,
    "PROFILE": 1301,
    "ADD_DOCS": 1302,
    "UPDATE_DOCS": 1303,
    "ADD_EMPLOYEE": 1304,
    "STATUS_UPDATE": 1305,
    "VIEW_EMPLOYEE": 1306,
    "Candidate_View": 1308,
    "Add_Team": 1401,
    "Update_Team": 1402,
    "Delete_Team": 1403,
    "LIST_TEAMS": 1404,
    "Team_Info": 1405,
    "ADD_TEAM_MEMBER": 1406,
    "DELTE_TEAM_MEMBER": 1407,
    "VIEW_TEAM_MEMBER": 1408,
    "SUCCESS": 200,
    "LIST_EMPLOYEE_REQUEST": 1109,
    "UPDATE_EMP_REQUEST": 1110,
    "ADD_EMP_REQUEST": 1108,
    "VIEW_PENDING_REQUEST": 1114,
    
    "ADD_TENANT": 2101,
    "UPDATE_TENANT": 2102,
    "DELETE_TENANT": 2103,
    "LIST_TENANT": 2104,

    "ADD_PARTY": 3001,
    "LIST_PARTY": 3002,
    "DELETE_PARTY": 3003,
    "UPDATE_PARTY": 3004,

    "LIST_ENTITY": 1601,
	
    "ADD_ENTITY": 1501,
    "EDIT_SYSTEM_ENTITY":1502,

    "LIST_SYSPARAM": 4004,
    "DELETE_SYSPARAM": 4003,
    "UPDATE_SYSPARAM": 4002,
    "ADD_SYSPARAM": 4001,

    "ADD_MANUFACTURER":5001,
    "ADD_EQUIPMENT":5002,
    "LIST_EQUIPMENTS":5003
}