{
    "tenantNotFound": "Tenant not found in request .",
    "changePwdSubject": "Your change password mail confirmation",
    "badRequest": "Bad request ,sending null request from browser could not understand by server.",
    "userNotFound": "User not found in application",
    "addUserFailed": "Something went wrong while adding user",
    "addUserExists": "User already exists ",
    "addUserSuccess": "Successfully added new user in application",
    "userDisable": "you are not active user,please contact with admin.",
    "sessionInvalid": "Session invalid",
    "invalidRoleAccess": "Permission denied to perform this operation",
    "updateUserSucces": "Successfully updated",
    "updateUserFailed": "Something went wrong while updating user",
    "deleteUserSuccess": "Successfully deleted user",
    "deleteUserfailed": "Something went wrong while deleting user",
    "getUserSuccess": "Successfully fetched users",
    "getUserFailed": "Something went wrong while fetching users",
    "addUserSuccessMailSubject": "Registration confirmation mail",
    "updateUserSuccessMailSubject": "Upate profile confirmation mail",
    "unauthorizedUser": "You are unauthorized user ,please contact with Admin",
    "emailNotExists": "Email address is not exists",
    "forgotPassFail": "Something went wrong while processing request",
    "forgotPwdSubject": "Reset password mail",
    "forgotPwdSucces": "Successfully sent mail . ",
    "oauthTokenInvalid": "Authentication token is invalid.",
    "resetPwdSucces": "Successfully reset password .",
    "registerFailed": "Something went wrong while registeration",
    "roleAlreadyAdded": "Role already have been added",
    "addRoleSuccess": "Successfully addedd role",
    "addroleFailed": "Something went wrong while adding role",
    "roleNotExists": "Role does not exist",
    "updateRoleSuccess": "Successfully updated role",
    "updateroleFailed": "Something went wrong while updating role",
    "deleteRoleSuccess": "Successfully deleted role",
    "deleteroleFailed": "Something went wrong while deleting role",
    "getRoleFailed": "Something went wrong while getting role",
    "getRoleSuccess": "Successfully fetched roles",
    "updateDeviceSuccess": "Successfully updated device",
    "updateDeviceFailed": "Something went wrong while updating device",
    "sessionError": "Something went wrong while authenticate session",
    "NofileFound": "No file found in request",
    "sessionSuccess": "Succesfully saved session.",
    "packageIdNull": "Package id can not be sent null",
    "sendNotificationFailed": "Something went wrong while sending notification",
    "noRequestDataFound": "Request body can not be set null arguments",
    "Notificationstarted": "Notification process initiated .",
    "DeviceLocationSuccess": "Succesfully updated Device Location co-ordinates",
    "DeviceLocationFailure": "Failed to  update Device Location co-ordinates",
    "getParamBycodeSuccess": "Successfully fetch params",
    "enduserNotAccept": "End user register not supported ,set admin approval flag true",
    "authTokenexpire": "Authentication token has been expired",
    "savinAuthTokenFailed": "Something went wrong while saving token",
    "successfullLogout": "Successfully logout",
    "passwordExpired": "Your password has expired",
    "passwordInvalid": "You have entered wrong credentials",
    "currentLocationSuccess": "Successfully fetched user's current location",
    "currentLocationFailure": "Failed to fetch user's current location",
    "LocationLogSuccess": "Successfully fetched user's location history",
    "LocationLogFailure": "Failed to fetch user's location history",
    "getParamBycodeFailed": "Something went wrong while fetching params ",
    "addGroupFailed": "Something went wrong while adding group. ",
    "addGroupSuccess": "Successful added group. ",
    "grouplreadyAdded": "Group already exists.",
    "groupNotExists": "Group not exists .",
    "enabledFieldNotNull": "Enabled field can not set null or empty",
    "updateGroupSuccess": "Successful updated group. ",
    "updateGroupFailed": "Something went wrong while updating group",
    "adminApproveMail": "Admin Approval Mail Confirmation.",
    "sendVerificationCodeError": "Error while sending verification token.",
    "sendVerificationCodeSuccess": "Successful sent verifaction token .",
    "invalidOtp": "Invalid otp.",
    "loginFailed": "Failed to login",
    "loginSuccess": "Successfully login.",
    "invalidAppRegisterToken": "Invalid user register token",
    "logoutFailed": "Logout failed.",
    "fetchUserLastLocSuccess": "Successfully fetched user last location.",
    "DeviceUnapproved": "Device approval is pending,please contact with Admin",
    "Devicerejected": "Device rejected by Admin.",
    "NOAPPFOUND": "App info is invalid.",
    "LOCATION_EMPTY": "No locations found",
    "notHaveAccess": "You dont have any role yet,please contact with Admin.",
    "DeviceInfoFailed": "Failed to get device informations.",
    "AddDeviceFailed": "Failed to save device informations.",
    "GETAPP_TRUE": "Successfully fetched apps",
    "GETAPP_FALSE": "Failed to fetch apps",
    "DigitValidationFailed": "Digits validation failed.",
    "NODATA": "No data found",
    "changePassTRUE": "Successfully changed user password.",
    "slack":{
        "emptyData":"No apropriate data found in request.",
        "fileDeleteOk":"Successfully deleted files."
    },
    "formManagement":{
        "addFormSuccess":"Form added successfully",
        "updateFormSuccess":"Form updated successfully",
        "deleteFormSuccess":"Form deleted successfully",
        "searchFormSuccess":"Forms Fetched successfully",
        "addFormError":"Error while adding Form",
        "updateFormError":"Error while updating Form",
        "deleteFormError":"Error while deleting Form",
        "searchFormError":"Error while Fetching Forms",
        "searchFormNotFound":"Forms not found"
    },
    "tenantManagement" :{
        "addTenant":"Tenant Added successfully",
        "listTenantSuccess":"fetched Tenant list successfully",
        "listTenantError":"Error in fetching Tenant list"
    }
}